{
  "particles": {
    "number": {
      "value": 25
    },
    "shape": {
      "type": "circle"
    },
    "size": {
      "value": 10,
      "random": true
    },
    "line_linked": {
      "enable": false
    },
    "move": {
      "enable": true,
      "speed": 2,
      "direction": "bottom",
      "straight": false
    }
  },
  "interactivity": {
     "detect_on": "canvas",
     "events": {
        "onclick": {
          "enable": true,
          "mode": "push"
        },
        "onhover": {
          "enable": false
        },
        "resize": true
      },
      "modes": {
        "push": {
          "particles_nb": 1
        }
      }
  }
}